--
-- PostgreSQL database dump
--

\restrict Ll7Pw1oWg0t48kQxRCNS1sfoniXxedmMc3fwql0g5B6ZxyJuVMtbOjLcHqqn8Ad

-- Dumped from database version 18.0
-- Dumped by pg_dump version 18.0

SET statement_timeout = 0;
SET lock_timeout = 0;
SET idle_in_transaction_session_timeout = 0;
SET transaction_timeout = 0;
SET client_encoding = 'UTF8';
SET standard_conforming_strings = on;
SELECT pg_catalog.set_config('search_path', '', false);
SET check_function_bodies = false;
SET xmloption = content;
SET client_min_messages = warning;
SET row_security = off;

SET default_tablespace = '';

SET default_table_access_method = heap;

--
-- Name: auth_group; Type: TABLE; Schema: public; Owner: postgres
--

CREATE TABLE public.auth_group (
    id integer NOT NULL,
    name character varying(150) NOT NULL
);


ALTER TABLE public.auth_group OWNER TO postgres;

--
-- Name: auth_group_id_seq; Type: SEQUENCE; Schema: public; Owner: postgres
--

ALTER TABLE public.auth_group ALTER COLUMN id ADD GENERATED BY DEFAULT AS IDENTITY (
    SEQUENCE NAME public.auth_group_id_seq
    START WITH 1
    INCREMENT BY 1
    NO MINVALUE
    NO MAXVALUE
    CACHE 1
);


--
-- Name: auth_group_permissions; Type: TABLE; Schema: public; Owner: postgres
--

CREATE TABLE public.auth_group_permissions (
    id bigint NOT NULL,
    group_id integer NOT NULL,
    permission_id integer NOT NULL
);


ALTER TABLE public.auth_group_permissions OWNER TO postgres;

--
-- Name: auth_group_permissions_id_seq; Type: SEQUENCE; Schema: public; Owner: postgres
--

ALTER TABLE public.auth_group_permissions ALTER COLUMN id ADD GENERATED BY DEFAULT AS IDENTITY (
    SEQUENCE NAME public.auth_group_permissions_id_seq
    START WITH 1
    INCREMENT BY 1
    NO MINVALUE
    NO MAXVALUE
    CACHE 1
);


--
-- Name: auth_permission; Type: TABLE; Schema: public; Owner: postgres
--

CREATE TABLE public.auth_permission (
    id integer NOT NULL,
    name character varying(255) NOT NULL,
    content_type_id integer NOT NULL,
    codename character varying(100) NOT NULL
);


ALTER TABLE public.auth_permission OWNER TO postgres;

--
-- Name: auth_permission_id_seq; Type: SEQUENCE; Schema: public; Owner: postgres
--

ALTER TABLE public.auth_permission ALTER COLUMN id ADD GENERATED BY DEFAULT AS IDENTITY (
    SEQUENCE NAME public.auth_permission_id_seq
    START WITH 1
    INCREMENT BY 1
    NO MINVALUE
    NO MAXVALUE
    CACHE 1
);


--
-- Name: django_admin_log; Type: TABLE; Schema: public; Owner: postgres
--

CREATE TABLE public.django_admin_log (
    id integer NOT NULL,
    action_time timestamp with time zone NOT NULL,
    object_id text,
    object_repr character varying(200) NOT NULL,
    action_flag smallint NOT NULL,
    change_message text NOT NULL,
    content_type_id integer,
    user_id bigint NOT NULL,
    CONSTRAINT django_admin_log_action_flag_check CHECK ((action_flag >= 0))
);


ALTER TABLE public.django_admin_log OWNER TO postgres;

--
-- Name: django_admin_log_id_seq; Type: SEQUENCE; Schema: public; Owner: postgres
--

ALTER TABLE public.django_admin_log ALTER COLUMN id ADD GENERATED BY DEFAULT AS IDENTITY (
    SEQUENCE NAME public.django_admin_log_id_seq
    START WITH 1
    INCREMENT BY 1
    NO MINVALUE
    NO MAXVALUE
    CACHE 1
);


--
-- Name: django_content_type; Type: TABLE; Schema: public; Owner: postgres
--

CREATE TABLE public.django_content_type (
    id integer NOT NULL,
    app_label character varying(100) NOT NULL,
    model character varying(100) NOT NULL
);


ALTER TABLE public.django_content_type OWNER TO postgres;

--
-- Name: django_content_type_id_seq; Type: SEQUENCE; Schema: public; Owner: postgres
--

ALTER TABLE public.django_content_type ALTER COLUMN id ADD GENERATED BY DEFAULT AS IDENTITY (
    SEQUENCE NAME public.django_content_type_id_seq
    START WITH 1
    INCREMENT BY 1
    NO MINVALUE
    NO MAXVALUE
    CACHE 1
);


--
-- Name: django_migrations; Type: TABLE; Schema: public; Owner: postgres
--

CREATE TABLE public.django_migrations (
    id bigint NOT NULL,
    app character varying(255) NOT NULL,
    name character varying(255) NOT NULL,
    applied timestamp with time zone NOT NULL
);


ALTER TABLE public.django_migrations OWNER TO postgres;

--
-- Name: django_migrations_id_seq; Type: SEQUENCE; Schema: public; Owner: postgres
--

ALTER TABLE public.django_migrations ALTER COLUMN id ADD GENERATED BY DEFAULT AS IDENTITY (
    SEQUENCE NAME public.django_migrations_id_seq
    START WITH 1
    INCREMENT BY 1
    NO MINVALUE
    NO MAXVALUE
    CACHE 1
);


--
-- Name: django_session; Type: TABLE; Schema: public; Owner: postgres
--

CREATE TABLE public.django_session (
    session_key character varying(40) NOT NULL,
    session_data text NOT NULL,
    expire_date timestamp with time zone NOT NULL
);


ALTER TABLE public.django_session OWNER TO postgres;

--
-- Name: store_cart; Type: TABLE; Schema: public; Owner: postgres
--

CREATE TABLE public.store_cart (
    id bigint NOT NULL,
    created_at timestamp with time zone NOT NULL,
    user_id bigint NOT NULL
);


ALTER TABLE public.store_cart OWNER TO postgres;

--
-- Name: store_cart_id_seq; Type: SEQUENCE; Schema: public; Owner: postgres
--

ALTER TABLE public.store_cart ALTER COLUMN id ADD GENERATED BY DEFAULT AS IDENTITY (
    SEQUENCE NAME public.store_cart_id_seq
    START WITH 1
    INCREMENT BY 1
    NO MINVALUE
    NO MAXVALUE
    CACHE 1
);


--
-- Name: store_cartitem; Type: TABLE; Schema: public; Owner: postgres
--

CREATE TABLE public.store_cartitem (
    id bigint NOT NULL,
    quantity integer NOT NULL,
    cart_id bigint NOT NULL,
    product_id bigint NOT NULL,
    CONSTRAINT store_cartitem_quantity_check CHECK ((quantity >= 0))
);


ALTER TABLE public.store_cartitem OWNER TO postgres;

--
-- Name: store_cartitem_id_seq; Type: SEQUENCE; Schema: public; Owner: postgres
--

ALTER TABLE public.store_cartitem ALTER COLUMN id ADD GENERATED BY DEFAULT AS IDENTITY (
    SEQUENCE NAME public.store_cartitem_id_seq
    START WITH 1
    INCREMENT BY 1
    NO MINVALUE
    NO MAXVALUE
    CACHE 1
);


--
-- Name: store_category; Type: TABLE; Schema: public; Owner: postgres
--

CREATE TABLE public.store_category (
    id bigint NOT NULL,
    name character varying(100) NOT NULL,
    description text NOT NULL,
    user_id bigint
);


ALTER TABLE public.store_category OWNER TO postgres;

--
-- Name: store_category_id_seq; Type: SEQUENCE; Schema: public; Owner: postgres
--

ALTER TABLE public.store_category ALTER COLUMN id ADD GENERATED BY DEFAULT AS IDENTITY (
    SEQUENCE NAME public.store_category_id_seq
    START WITH 1
    INCREMENT BY 1
    NO MINVALUE
    NO MAXVALUE
    CACHE 1
);


--
-- Name: store_delivery; Type: TABLE; Schema: public; Owner: postgres
--

CREATE TABLE public.store_delivery (
    id bigint NOT NULL,
    tracking_number character varying(50) NOT NULL,
    delivery_date date,
    shipped_date date,
    delivery_address character varying(255) NOT NULL,
    delivery_status character varying(20) NOT NULL,
    order_id bigint NOT NULL
);


ALTER TABLE public.store_delivery OWNER TO postgres;

--
-- Name: store_delivery_id_seq; Type: SEQUENCE; Schema: public; Owner: postgres
--

ALTER TABLE public.store_delivery ALTER COLUMN id ADD GENERATED BY DEFAULT AS IDENTITY (
    SEQUENCE NAME public.store_delivery_id_seq
    START WITH 1
    INCREMENT BY 1
    NO MINVALUE
    NO MAXVALUE
    CACHE 1
);


--
-- Name: store_order; Type: TABLE; Schema: public; Owner: postgres
--

CREATE TABLE public.store_order (
    id bigint NOT NULL,
    status character varying(20) NOT NULL,
    total_price numeric(12,2) NOT NULL,
    created_at timestamp with time zone NOT NULL,
    cart_id bigint,
    user_id bigint NOT NULL
);


ALTER TABLE public.store_order OWNER TO postgres;

--
-- Name: store_order_id_seq; Type: SEQUENCE; Schema: public; Owner: postgres
--

ALTER TABLE public.store_order ALTER COLUMN id ADD GENERATED BY DEFAULT AS IDENTITY (
    SEQUENCE NAME public.store_order_id_seq
    START WITH 1
    INCREMENT BY 1
    NO MINVALUE
    NO MAXVALUE
    CACHE 1
);


--
-- Name: store_payment; Type: TABLE; Schema: public; Owner: postgres
--

CREATE TABLE public.store_payment (
    id bigint NOT NULL,
    method character varying(20) NOT NULL,
    amount numeric(12,2) NOT NULL,
    status character varying(20) NOT NULL,
    transaction_date timestamp with time zone NOT NULL,
    order_id bigint NOT NULL
);


ALTER TABLE public.store_payment OWNER TO postgres;

--
-- Name: store_payment_id_seq; Type: SEQUENCE; Schema: public; Owner: postgres
--

ALTER TABLE public.store_payment ALTER COLUMN id ADD GENERATED BY DEFAULT AS IDENTITY (
    SEQUENCE NAME public.store_payment_id_seq
    START WITH 1
    INCREMENT BY 1
    NO MINVALUE
    NO MAXVALUE
    CACHE 1
);


--
-- Name: store_product; Type: TABLE; Schema: public; Owner: postgres
--

CREATE TABLE public.store_product (
    id bigint NOT NULL,
    name character varying(100) NOT NULL,
    description text NOT NULL,
    price numeric(10,2) NOT NULL,
    quantity integer NOT NULL,
    category_id bigint,
    user_id bigint,
    supplier_id bigint,
    warehouse_id bigint,
    CONSTRAINT store_product_quantity_check CHECK ((quantity >= 0))
);


ALTER TABLE public.store_product OWNER TO postgres;

--
-- Name: store_product_id_seq; Type: SEQUENCE; Schema: public; Owner: postgres
--

ALTER TABLE public.store_product ALTER COLUMN id ADD GENERATED BY DEFAULT AS IDENTITY (
    SEQUENCE NAME public.store_product_id_seq
    START WITH 1
    INCREMENT BY 1
    NO MINVALUE
    NO MAXVALUE
    CACHE 1
);


--
-- Name: store_review; Type: TABLE; Schema: public; Owner: postgres
--

CREATE TABLE public.store_review (
    id bigint NOT NULL,
    rating smallint NOT NULL,
    text text NOT NULL,
    created_at timestamp with time zone NOT NULL,
    product_id bigint NOT NULL,
    user_id bigint NOT NULL,
    CONSTRAINT store_review_rating_check CHECK ((rating >= 0))
);


ALTER TABLE public.store_review OWNER TO postgres;

--
-- Name: store_review_id_seq; Type: SEQUENCE; Schema: public; Owner: postgres
--

ALTER TABLE public.store_review ALTER COLUMN id ADD GENERATED BY DEFAULT AS IDENTITY (
    SEQUENCE NAME public.store_review_id_seq
    START WITH 1
    INCREMENT BY 1
    NO MINVALUE
    NO MAXVALUE
    CACHE 1
);


--
-- Name: store_supplier; Type: TABLE; Schema: public; Owner: postgres
--

CREATE TABLE public.store_supplier (
    id bigint NOT NULL,
    company_name character varying(100) NOT NULL,
    inn character varying(12) NOT NULL,
    phone character varying(20) NOT NULL,
    email character varying(254) NOT NULL,
    address character varying(255) NOT NULL
);


ALTER TABLE public.store_supplier OWNER TO postgres;

--
-- Name: store_supplier_id_seq; Type: SEQUENCE; Schema: public; Owner: postgres
--

ALTER TABLE public.store_supplier ALTER COLUMN id ADD GENERATED BY DEFAULT AS IDENTITY (
    SEQUENCE NAME public.store_supplier_id_seq
    START WITH 1
    INCREMENT BY 1
    NO MINVALUE
    NO MAXVALUE
    CACHE 1
);


--
-- Name: store_user; Type: TABLE; Schema: public; Owner: postgres
--

CREATE TABLE public.store_user (
    id bigint NOT NULL,
    password character varying(128) NOT NULL,
    last_login timestamp with time zone,
    is_superuser boolean NOT NULL,
    username character varying(150) NOT NULL,
    first_name character varying(150) NOT NULL,
    last_name character varying(150) NOT NULL,
    is_staff boolean NOT NULL,
    is_active boolean NOT NULL,
    date_joined timestamp with time zone NOT NULL,
    role character varying(10) NOT NULL,
    phone character varying(20) NOT NULL,
    address character varying(255) NOT NULL,
    email character varying(254) NOT NULL
);


ALTER TABLE public.store_user OWNER TO postgres;

--
-- Name: store_user_groups; Type: TABLE; Schema: public; Owner: postgres
--

CREATE TABLE public.store_user_groups (
    id bigint NOT NULL,
    user_id bigint NOT NULL,
    group_id integer NOT NULL
);


ALTER TABLE public.store_user_groups OWNER TO postgres;

--
-- Name: store_user_groups_id_seq; Type: SEQUENCE; Schema: public; Owner: postgres
--

ALTER TABLE public.store_user_groups ALTER COLUMN id ADD GENERATED BY DEFAULT AS IDENTITY (
    SEQUENCE NAME public.store_user_groups_id_seq
    START WITH 1
    INCREMENT BY 1
    NO MINVALUE
    NO MAXVALUE
    CACHE 1
);


--
-- Name: store_user_id_seq; Type: SEQUENCE; Schema: public; Owner: postgres
--

ALTER TABLE public.store_user ALTER COLUMN id ADD GENERATED BY DEFAULT AS IDENTITY (
    SEQUENCE NAME public.store_user_id_seq
    START WITH 1
    INCREMENT BY 1
    NO MINVALUE
    NO MAXVALUE
    CACHE 1
);


--
-- Name: store_user_user_permissions; Type: TABLE; Schema: public; Owner: postgres
--

CREATE TABLE public.store_user_user_permissions (
    id bigint NOT NULL,
    user_id bigint NOT NULL,
    permission_id integer NOT NULL
);


ALTER TABLE public.store_user_user_permissions OWNER TO postgres;

--
-- Name: store_user_user_permissions_id_seq; Type: SEQUENCE; Schema: public; Owner: postgres
--

ALTER TABLE public.store_user_user_permissions ALTER COLUMN id ADD GENERATED BY DEFAULT AS IDENTITY (
    SEQUENCE NAME public.store_user_user_permissions_id_seq
    START WITH 1
    INCREMENT BY 1
    NO MINVALUE
    NO MAXVALUE
    CACHE 1
);


--
-- Name: store_warehouse; Type: TABLE; Schema: public; Owner: postgres
--

CREATE TABLE public.store_warehouse (
    id bigint NOT NULL,
    name character varying(100) NOT NULL,
    address character varying(255) NOT NULL
);


ALTER TABLE public.store_warehouse OWNER TO postgres;

--
-- Name: store_warehouse_id_seq; Type: SEQUENCE; Schema: public; Owner: postgres
--

ALTER TABLE public.store_warehouse ALTER COLUMN id ADD GENERATED BY DEFAULT AS IDENTITY (
    SEQUENCE NAME public.store_warehouse_id_seq
    START WITH 1
    INCREMENT BY 1
    NO MINVALUE
    NO MAXVALUE
    CACHE 1
);


--
-- Data for Name: auth_group; Type: TABLE DATA; Schema: public; Owner: postgres
--

COPY public.auth_group (id, name) FROM stdin;
\.


--
-- Data for Name: auth_group_permissions; Type: TABLE DATA; Schema: public; Owner: postgres
--

COPY public.auth_group_permissions (id, group_id, permission_id) FROM stdin;
\.


--
-- Data for Name: auth_permission; Type: TABLE DATA; Schema: public; Owner: postgres
--

COPY public.auth_permission (id, name, content_type_id, codename) FROM stdin;
1	Can add log entry	1	add_logentry
2	Can change log entry	1	change_logentry
3	Can delete log entry	1	delete_logentry
4	Can view log entry	1	view_logentry
5	Can add permission	2	add_permission
6	Can change permission	2	change_permission
7	Can delete permission	2	delete_permission
8	Can view permission	2	view_permission
9	Can add group	3	add_group
10	Can change group	3	change_group
11	Can delete group	3	delete_group
12	Can view group	3	view_group
13	Can add content type	4	add_contenttype
14	Can change content type	4	change_contenttype
15	Can delete content type	4	delete_contenttype
16	Can view content type	4	view_contenttype
17	Can add session	5	add_session
18	Can change session	5	change_session
19	Can delete session	5	delete_session
20	Can view session	5	view_session
21	Can add supplier	6	add_supplier
22	Can change supplier	6	change_supplier
23	Can delete supplier	6	delete_supplier
24	Can view supplier	6	view_supplier
25	Can add warehouse	7	add_warehouse
26	Can change warehouse	7	change_warehouse
27	Can delete warehouse	7	delete_warehouse
28	Can view warehouse	7	view_warehouse
29	Can add user	8	add_user
30	Can change user	8	change_user
31	Can delete user	8	delete_user
32	Can view user	8	view_user
33	Can add cart	9	add_cart
34	Can change cart	9	change_cart
35	Can delete cart	9	delete_cart
36	Can view cart	9	view_cart
37	Can add category	10	add_category
38	Can change category	10	change_category
39	Can delete category	10	delete_category
40	Can view category	10	view_category
41	Can add order	11	add_order
42	Can change order	11	change_order
43	Can delete order	11	delete_order
44	Can view order	11	view_order
45	Can add delivery	12	add_delivery
46	Can change delivery	12	change_delivery
47	Can delete delivery	12	delete_delivery
48	Can view delivery	12	view_delivery
49	Can add payment	13	add_payment
50	Can change payment	13	change_payment
51	Can delete payment	13	delete_payment
52	Can view payment	13	view_payment
53	Can add product	14	add_product
54	Can change product	14	change_product
55	Can delete product	14	delete_product
56	Can view product	14	view_product
57	Can add cart item	15	add_cartitem
58	Can change cart item	15	change_cartitem
59	Can delete cart item	15	delete_cartitem
60	Can view cart item	15	view_cartitem
61	Can add review	16	add_review
62	Can change review	16	change_review
63	Can delete review	16	delete_review
64	Can view review	16	view_review
\.


--
-- Data for Name: django_admin_log; Type: TABLE DATA; Schema: public; Owner: postgres
--

COPY public.django_admin_log (id, action_time, object_id, object_repr, action_flag, change_message, content_type_id, user_id) FROM stdin;
1	2025-12-13 18:21:06.797933+03	1	admin (Администратор)	2	[{"changed": {"fields": ["Role"]}}]	8	1
2	2025-12-13 18:22:12.25128+03	1	Электроника	1	[{"added": {}}]	10	1
3	2025-12-13 18:22:22.73165+03	2	Одежда	1	[{"added": {}}]	10	1
4	2025-12-13 18:23:08.812019+03	3	Обувь	1	[{"added": {}}]	10	1
5	2025-12-13 18:23:40.171958+03	1	Главный склад	1	[{"added": {}}]	7	1
6	2025-12-14 21:49:56.891364+03	2	seller (Менеджер)	1	[{"added": {}}]	8	1
7	2025-12-14 21:50:19.406135+03	2	seller (Менеджер)	3		8	1
8	2025-12-14 22:13:27.550328+03	3	simpleuser (Менеджер)	2	[{"changed": {"fields": ["Role"]}}]	8	1
9	2025-12-14 22:23:18.105101+03	3	simpleuser (Покупатель)	2	[{"changed": {"fields": ["Role"]}}]	8	1
10	2025-12-14 22:24:52.465667+03	4	reseller (Менеджер)	2	[{"changed": {"fields": ["Role"]}}]	8	1
11	2025-12-16 18:38:38.206828+03	4	reseller (Поставщик)	2	[{"changed": {"fields": ["Role"]}}]	8	1
12	2025-12-16 18:38:45.862021+03	4	reseller (Поставщик)	3		8	1
13	2025-12-16 18:52:30.098199+03	3	simpleuser (Покупатель)	3		8	1
14	2025-12-16 19:18:58.789128+03	1	Корзина Дмитрий	3		9	1
15	2025-12-22 23:51:21.870383+03	3	Шапка зимняя/Red hat	2	[{"changed": {"fields": ["Name", "Supplier"]}}]	14	1
16	2025-12-23 02:11:20.301142+03	4	Bluetooth наушники	3		14	1
17	2025-12-23 02:31:02.467594+03	1	ООО "тмыв денег"	3		6	1
18	2025-12-23 02:31:24.404272+03	3	Шапка зимняя/Red hat	3		14	1
19	2025-12-23 02:45:29.840886+03	10	Шарф вязанный	2	[{"changed": {"fields": ["Supplier"]}}]	14	1
20	2025-12-23 02:45:38.170431+03	9	Куртка зимняя	2	[{"changed": {"fields": ["Supplier"]}}]	14	1
21	2025-12-23 02:45:43.849218+03	8	Шапка зимняя	2	[{"changed": {"fields": ["Supplier"]}}]	14	1
22	2025-12-23 02:45:49.623581+03	7	Фен Dyson	2	[{"changed": {"fields": ["Supplier"]}}]	14	1
23	2025-12-23 02:46:00.175648+03	6	iPhone 17 pro max 256 GB	2	[{"changed": {"fields": ["Supplier"]}}]	14	1
24	2025-12-23 02:46:10.889734+03	5	Bluetooth наушники	2	[{"changed": {"fields": ["Supplier"]}}]	14	1
25	2025-12-23 03:04:31.787051+03	5	ООО "тмыв денег" (Поставщик)	3		8	1
\.


--
-- Data for Name: django_content_type; Type: TABLE DATA; Schema: public; Owner: postgres
--

COPY public.django_content_type (id, app_label, model) FROM stdin;
1	admin	logentry
2	auth	permission
3	auth	group
4	contenttypes	contenttype
5	sessions	session
6	store	supplier
7	store	warehouse
8	store	user
9	store	cart
10	store	category
11	store	order
12	store	delivery
13	store	payment
14	store	product
15	store	cartitem
16	store	review
\.


--
-- Data for Name: django_migrations; Type: TABLE DATA; Schema: public; Owner: postgres
--

COPY public.django_migrations (id, app, name, applied) FROM stdin;
1	contenttypes	0001_initial	2025-12-13 18:13:16.634104+03
2	contenttypes	0002_remove_content_type_name	2025-12-13 18:13:16.641533+03
3	auth	0001_initial	2025-12-13 18:13:16.666884+03
4	auth	0002_alter_permission_name_max_length	2025-12-13 18:13:16.670428+03
5	auth	0003_alter_user_email_max_length	2025-12-13 18:13:16.672985+03
6	auth	0004_alter_user_username_opts	2025-12-13 18:13:16.676621+03
7	auth	0005_alter_user_last_login_null	2025-12-13 18:13:16.67984+03
8	auth	0006_require_contenttypes_0002	2025-12-13 18:13:16.680551+03
9	auth	0007_alter_validators_add_error_messages	2025-12-13 18:13:16.682622+03
10	auth	0008_alter_user_username_max_length	2025-12-13 18:13:16.685178+03
11	auth	0009_alter_user_last_name_max_length	2025-12-13 18:13:16.688228+03
12	auth	0010_alter_group_name_max_length	2025-12-13 18:13:16.694735+03
13	auth	0011_update_proxy_permissions	2025-12-13 18:13:16.697084+03
14	auth	0012_alter_user_first_name_max_length	2025-12-13 18:13:16.699988+03
15	store	0001_initial	2025-12-13 18:13:16.821332+03
16	admin	0001_initial	2025-12-13 18:13:16.837239+03
17	admin	0002_logentry_remove_auto_add	2025-12-13 18:13:16.843567+03
18	admin	0003_logentry_add_action_flag_choices	2025-12-13 18:13:16.849358+03
19	sessions	0001_initial	2025-12-13 18:13:16.855167+03
20	store	0002_alter_supplier_options_alter_supplier_company_name_and_more	2025-12-16 18:34:52.291291+03
\.


--
-- Data for Name: django_session; Type: TABLE DATA; Schema: public; Owner: postgres
--

COPY public.django_session (session_key, session_data, expire_date) FROM stdin;
d6atg9wqyh1ygttjanjhrfnxedug9zvw	.eJxVjE0OwiAYBe_C2hBoCVCX7j0D-f6QqoGktCvj3bVJF7p9M_NeKsG2lrR1WdLM6qysOv1uCPSQugO-Q701Ta2uy4x6V_RBu742luflcP8OCvTyrUdEG4I3wCTsZCIvhkYbhcQFQI_MlMUMll322ZPFEEm8jBDiMLFR7w8bYTlP:1vY9Fm:tJuPckctDUTupgIIwJa-DYXzS-JVC8if0_xbo7-Gs3M	2026-01-06 23:45:10.378826+03
\.


--
-- Data for Name: store_cart; Type: TABLE DATA; Schema: public; Owner: postgres
--

COPY public.store_cart (id, created_at, user_id) FROM stdin;
2	2025-12-16 19:19:18.517975+03	6
3	2025-12-23 02:00:31.778189+03	10
\.


--
-- Data for Name: store_cartitem; Type: TABLE DATA; Schema: public; Owner: postgres
--

COPY public.store_cartitem (id, quantity, cart_id, product_id) FROM stdin;
7	2	2	6
\.


--
-- Data for Name: store_category; Type: TABLE DATA; Schema: public; Owner: postgres
--

COPY public.store_category (id, name, description, user_id) FROM stdin;
1	Электроника		1
2	Одежда		1
3	Обувь		1
\.


--
-- Data for Name: store_delivery; Type: TABLE DATA; Schema: public; Owner: postgres
--

COPY public.store_delivery (id, tracking_number, delivery_date, shipped_date, delivery_address, delivery_status, order_id) FROM stdin;
1	TEST-1	\N	\N	ул. Костюкова 44	в обработке	1
2	TEST-2	\N	\N	ул. Костюкова 44	в обработке	2
3	TEST-3	\N	\N	ул. Костюкова 44	в обработке	3
4	TEST-4	\N	\N	ул. Костюкова 44	в обработке	4
5	TEST-5	\N	\N	ул. Костюкова 44	в обработке	5
\.


--
-- Data for Name: store_order; Type: TABLE DATA; Schema: public; Owner: postgres
--

COPY public.store_order (id, status, total_price, created_at, cart_id, user_id) FROM stdin;
1	оплачен	17000.00	2025-12-23 03:27:41.236925+03	2	6
2	оплачен	5000.00	2025-12-23 22:21:03.316628+03	2	6
3	оплачен	5000.00	2025-12-23 22:27:22.232508+03	2	6
4	оплачен	135000.00	2025-12-23 22:28:10.550711+03	2	6
5	оплачен	270000.00	2025-12-23 23:37:40.611661+03	2	6
\.


--
-- Data for Name: store_payment; Type: TABLE DATA; Schema: public; Owner: postgres
--

COPY public.store_payment (id, method, amount, status, transaction_date, order_id) FROM stdin;
1	Онлайн-оплата (тест)	17000.00	успешно	2025-12-23 03:27:41.242412+03	1
2	Онлайн-оплата (тест)	5000.00	успешно	2025-12-23 22:21:03.318848+03	2
3	Онлайн-оплата (тест)	5000.00	успешно	2025-12-23 22:27:22.234007+03	3
4	Онлайн-оплата (тест)	135000.00	успешно	2025-12-23 22:28:10.552246+03	4
5	Онлайн-оплата (тест)	270000.00	успешно	2025-12-23 23:37:40.613613+03	5
\.


--
-- Data for Name: store_product; Type: TABLE DATA; Schema: public; Owner: postgres
--

COPY public.store_product (id, name, description, price, quantity, category_id, user_id, supplier_id, warehouse_id) FROM stdin;
10	Шарф вязанный	Теплый вязанный шарф	500.00	15	2	12	3	1
9	Куртка зимняя	Куртка демисезон еврозима	7500.00	25	2	12	3	1
8	Шапка зимняя	Просто шапка	30.00	50	2	12	3	1
7	Фен Dyson		35000.00	30	1	11	2	1
6	iPhone 17 pro max 256 GB		135000.00	10	1	11	2	1
5	Bluetooth наушники	Беспроводные наушники	6000.00	50	1	11	2	1
11	Туфли зеленые	Туфли из крокодиловой кожи	20000.00	3	3	13	\N	1
12	Кроссовки	Кроссовки для бега, очень легкие	3500.00	213	3	13	\N	1
13	Ботинки	Армейские берцы	5000.00	30	3	13	\N	1
\.


--
-- Data for Name: store_review; Type: TABLE DATA; Schema: public; Owner: postgres
--

COPY public.store_review (id, rating, text, created_at, product_id, user_id) FROM stdin;
1	2	Сломались спустя 2 недели	2025-12-23 02:35:36.767278+03	5	6
\.


--
-- Data for Name: store_supplier; Type: TABLE DATA; Schema: public; Owner: postgres
--

COPY public.store_supplier (id, company_name, inn, phone, email, address) FROM stdin;
2	Мир Техники	12312423543	8900445566	technika@gmail.com	
3	Fashion демон	231241242	8902345566	fashion@gmail.com	
4	просто обувь	5654532431	8912347653	shoes@gmail.com	
\.


--
-- Data for Name: store_user; Type: TABLE DATA; Schema: public; Owner: postgres
--

COPY public.store_user (id, password, last_login, is_superuser, username, first_name, last_name, is_staff, is_active, date_joined, role, phone, address, email) FROM stdin;
9	pbkdf2_sha256$1000000$SvVUY3hYkBqAf1eEzpIiZj$gVPVWNYcGWAfohDH2saOqIMFVmz7JbJ+2zvXoAu2e2A=	\N	f	Константин			f	t	2025-12-23 01:58:24.810849+03	customer	11223334	ул. Костюкова 42	kostya@mail.ru
10	pbkdf2_sha256$1000000$TK64PZ7cpNeQFL59ZbhDi5$GC1utd7XqT5HXrYHi1Dn5dTDuUm4cDiQu0ofrJkB1jY=	2025-12-23 02:00:23.684942+03	f	Илья			f	t	2025-12-23 02:00:00.379587+03	customer	11113334	ул. Костюкова 41	ilya@mail.ru
6	pbkdf2_sha256$1000000$gDGsxLC6JPyNmUoCaFbCpA$VBkNF/xMXsyVb5qDuNl3kfF18cv8N0BAjGNlaWrypCI=	2025-12-23 23:36:45.817832+03	f	Дмитрий			f	t	2025-12-16 18:53:44.338359+03	customer	12345678	ул. Костюкова 44	dmitry@gmail.com
15	pbkdf2_sha256$1000000$bpUQM5rUqIRWTeR7lbn0D4$BVqm3AE8ZK77yrliIBL0pyuXoQVdeOZ3lhOH69AKkt0=	2025-12-23 23:45:04.393299+03	f	Дмитрий			f	t	2025-12-23 23:44:52.11299+03	customer	2314543643	ул. Костюкова 45	dmitry1@gmail.com
11	pbkdf2_sha256$1000000$yK5K1LRD6UQektkJ3EkTEk$xwm+7VvnTvL+S0EP7NH9YtAqJrzJz3LBq/CMI8IDyzA=	2025-12-23 02:24:13.348013+03	f	Мир Техники			f	t	2025-12-23 02:02:09.574081+03	supplier	8900445566		technika@gmail.com
1	pbkdf2_sha256$1000000$tghEc1V8Sw0afG5494nWXr$853UiwBox0gMj1eyVRZosXZhVWJpffD8esw8PsGMUvg=	2025-12-23 23:45:10.377108+03	t	admin			t	t	2025-12-13 18:16:35+03	admin	0000		admin@gmail.com
12	pbkdf2_sha256$1000000$tbUUW9O26Tfnhyy1hDVTZa$q17o/GP5yfwTbRRNwkVUQPG58ohFtE36mEsgbnlTVF8=	2025-12-23 02:32:57.889438+03	f	Fashion демон			f	t	2025-12-23 02:32:43.890202+03	supplier	8902345566		fashion@gmail.com
13	pbkdf2_sha256$1000000$vLdCpn30szqCsVQv1B2aAj$Y4Q+lLlnwVEmJwfK8h6dwj5kxXV2ahrUQpUYoxBW5ZA=	2025-12-23 03:01:07.455333+03	f	просто обувь			f	t	2025-12-23 02:50:48.275616+03	supplier	8912347653		shoes@gmail.com
\.


--
-- Data for Name: store_user_groups; Type: TABLE DATA; Schema: public; Owner: postgres
--

COPY public.store_user_groups (id, user_id, group_id) FROM stdin;
\.


--
-- Data for Name: store_user_user_permissions; Type: TABLE DATA; Schema: public; Owner: postgres
--

COPY public.store_user_user_permissions (id, user_id, permission_id) FROM stdin;
\.


--
-- Data for Name: store_warehouse; Type: TABLE DATA; Schema: public; Owner: postgres
--

COPY public.store_warehouse (id, name, address) FROM stdin;
1	Главный склад	
\.


--
-- Name: auth_group_id_seq; Type: SEQUENCE SET; Schema: public; Owner: postgres
--

SELECT pg_catalog.setval('public.auth_group_id_seq', 1, false);


--
-- Name: auth_group_permissions_id_seq; Type: SEQUENCE SET; Schema: public; Owner: postgres
--

SELECT pg_catalog.setval('public.auth_group_permissions_id_seq', 1, false);


--
-- Name: auth_permission_id_seq; Type: SEQUENCE SET; Schema: public; Owner: postgres
--

SELECT pg_catalog.setval('public.auth_permission_id_seq', 64, true);


--
-- Name: django_admin_log_id_seq; Type: SEQUENCE SET; Schema: public; Owner: postgres
--

SELECT pg_catalog.setval('public.django_admin_log_id_seq', 25, true);


--
-- Name: django_content_type_id_seq; Type: SEQUENCE SET; Schema: public; Owner: postgres
--

SELECT pg_catalog.setval('public.django_content_type_id_seq', 16, true);


--
-- Name: django_migrations_id_seq; Type: SEQUENCE SET; Schema: public; Owner: postgres
--

SELECT pg_catalog.setval('public.django_migrations_id_seq', 20, true);


--
-- Name: store_cart_id_seq; Type: SEQUENCE SET; Schema: public; Owner: postgres
--

SELECT pg_catalog.setval('public.store_cart_id_seq', 3, true);


--
-- Name: store_cartitem_id_seq; Type: SEQUENCE SET; Schema: public; Owner: postgres
--

SELECT pg_catalog.setval('public.store_cartitem_id_seq', 7, true);


--
-- Name: store_category_id_seq; Type: SEQUENCE SET; Schema: public; Owner: postgres
--

SELECT pg_catalog.setval('public.store_category_id_seq', 3, true);


--
-- Name: store_delivery_id_seq; Type: SEQUENCE SET; Schema: public; Owner: postgres
--

SELECT pg_catalog.setval('public.store_delivery_id_seq', 5, true);


--
-- Name: store_order_id_seq; Type: SEQUENCE SET; Schema: public; Owner: postgres
--

SELECT pg_catalog.setval('public.store_order_id_seq', 5, true);


--
-- Name: store_payment_id_seq; Type: SEQUENCE SET; Schema: public; Owner: postgres
--

SELECT pg_catalog.setval('public.store_payment_id_seq', 5, true);


--
-- Name: store_product_id_seq; Type: SEQUENCE SET; Schema: public; Owner: postgres
--

SELECT pg_catalog.setval('public.store_product_id_seq', 13, true);


--
-- Name: store_review_id_seq; Type: SEQUENCE SET; Schema: public; Owner: postgres
--

SELECT pg_catalog.setval('public.store_review_id_seq', 1, true);


--
-- Name: store_supplier_id_seq; Type: SEQUENCE SET; Schema: public; Owner: postgres
--

SELECT pg_catalog.setval('public.store_supplier_id_seq', 4, true);


--
-- Name: store_user_groups_id_seq; Type: SEQUENCE SET; Schema: public; Owner: postgres
--

SELECT pg_catalog.setval('public.store_user_groups_id_seq', 1, false);


--
-- Name: store_user_id_seq; Type: SEQUENCE SET; Schema: public; Owner: postgres
--

SELECT pg_catalog.setval('public.store_user_id_seq', 15, true);


--
-- Name: store_user_user_permissions_id_seq; Type: SEQUENCE SET; Schema: public; Owner: postgres
--

SELECT pg_catalog.setval('public.store_user_user_permissions_id_seq', 1, false);


--
-- Name: store_warehouse_id_seq; Type: SEQUENCE SET; Schema: public; Owner: postgres
--

SELECT pg_catalog.setval('public.store_warehouse_id_seq', 1, true);


--
-- Name: auth_group auth_group_name_key; Type: CONSTRAINT; Schema: public; Owner: postgres
--

ALTER TABLE ONLY public.auth_group
    ADD CONSTRAINT auth_group_name_key UNIQUE (name);


--
-- Name: auth_group_permissions auth_group_permissions_group_id_permission_id_0cd325b0_uniq; Type: CONSTRAINT; Schema: public; Owner: postgres
--

ALTER TABLE ONLY public.auth_group_permissions
    ADD CONSTRAINT auth_group_permissions_group_id_permission_id_0cd325b0_uniq UNIQUE (group_id, permission_id);


--
-- Name: auth_group_permissions auth_group_permissions_pkey; Type: CONSTRAINT; Schema: public; Owner: postgres
--

ALTER TABLE ONLY public.auth_group_permissions
    ADD CONSTRAINT auth_group_permissions_pkey PRIMARY KEY (id);


--
-- Name: auth_group auth_group_pkey; Type: CONSTRAINT; Schema: public; Owner: postgres
--

ALTER TABLE ONLY public.auth_group
    ADD CONSTRAINT auth_group_pkey PRIMARY KEY (id);


--
-- Name: auth_permission auth_permission_content_type_id_codename_01ab375a_uniq; Type: CONSTRAINT; Schema: public; Owner: postgres
--

ALTER TABLE ONLY public.auth_permission
    ADD CONSTRAINT auth_permission_content_type_id_codename_01ab375a_uniq UNIQUE (content_type_id, codename);


--
-- Name: auth_permission auth_permission_pkey; Type: CONSTRAINT; Schema: public; Owner: postgres
--

ALTER TABLE ONLY public.auth_permission
    ADD CONSTRAINT auth_permission_pkey PRIMARY KEY (id);


--
-- Name: django_admin_log django_admin_log_pkey; Type: CONSTRAINT; Schema: public; Owner: postgres
--

ALTER TABLE ONLY public.django_admin_log
    ADD CONSTRAINT django_admin_log_pkey PRIMARY KEY (id);


--
-- Name: django_content_type django_content_type_app_label_model_76bd3d3b_uniq; Type: CONSTRAINT; Schema: public; Owner: postgres
--

ALTER TABLE ONLY public.django_content_type
    ADD CONSTRAINT django_content_type_app_label_model_76bd3d3b_uniq UNIQUE (app_label, model);


--
-- Name: django_content_type django_content_type_pkey; Type: CONSTRAINT; Schema: public; Owner: postgres
--

ALTER TABLE ONLY public.django_content_type
    ADD CONSTRAINT django_content_type_pkey PRIMARY KEY (id);


--
-- Name: django_migrations django_migrations_pkey; Type: CONSTRAINT; Schema: public; Owner: postgres
--

ALTER TABLE ONLY public.django_migrations
    ADD CONSTRAINT django_migrations_pkey PRIMARY KEY (id);


--
-- Name: django_session django_session_pkey; Type: CONSTRAINT; Schema: public; Owner: postgres
--

ALTER TABLE ONLY public.django_session
    ADD CONSTRAINT django_session_pkey PRIMARY KEY (session_key);


--
-- Name: store_cart store_cart_pkey; Type: CONSTRAINT; Schema: public; Owner: postgres
--

ALTER TABLE ONLY public.store_cart
    ADD CONSTRAINT store_cart_pkey PRIMARY KEY (id);


--
-- Name: store_cartitem store_cartitem_pkey; Type: CONSTRAINT; Schema: public; Owner: postgres
--

ALTER TABLE ONLY public.store_cartitem
    ADD CONSTRAINT store_cartitem_pkey PRIMARY KEY (id);


--
-- Name: store_category store_category_pkey; Type: CONSTRAINT; Schema: public; Owner: postgres
--

ALTER TABLE ONLY public.store_category
    ADD CONSTRAINT store_category_pkey PRIMARY KEY (id);


--
-- Name: store_delivery store_delivery_order_id_key; Type: CONSTRAINT; Schema: public; Owner: postgres
--

ALTER TABLE ONLY public.store_delivery
    ADD CONSTRAINT store_delivery_order_id_key UNIQUE (order_id);


--
-- Name: store_delivery store_delivery_pkey; Type: CONSTRAINT; Schema: public; Owner: postgres
--

ALTER TABLE ONLY public.store_delivery
    ADD CONSTRAINT store_delivery_pkey PRIMARY KEY (id);


--
-- Name: store_order store_order_pkey; Type: CONSTRAINT; Schema: public; Owner: postgres
--

ALTER TABLE ONLY public.store_order
    ADD CONSTRAINT store_order_pkey PRIMARY KEY (id);


--
-- Name: store_payment store_payment_order_id_key; Type: CONSTRAINT; Schema: public; Owner: postgres
--

ALTER TABLE ONLY public.store_payment
    ADD CONSTRAINT store_payment_order_id_key UNIQUE (order_id);


--
-- Name: store_payment store_payment_pkey; Type: CONSTRAINT; Schema: public; Owner: postgres
--

ALTER TABLE ONLY public.store_payment
    ADD CONSTRAINT store_payment_pkey PRIMARY KEY (id);


--
-- Name: store_product store_product_pkey; Type: CONSTRAINT; Schema: public; Owner: postgres
--

ALTER TABLE ONLY public.store_product
    ADD CONSTRAINT store_product_pkey PRIMARY KEY (id);


--
-- Name: store_review store_review_pkey; Type: CONSTRAINT; Schema: public; Owner: postgres
--

ALTER TABLE ONLY public.store_review
    ADD CONSTRAINT store_review_pkey PRIMARY KEY (id);


--
-- Name: store_supplier store_supplier_company_name_6b3d9b01_uniq; Type: CONSTRAINT; Schema: public; Owner: postgres
--

ALTER TABLE ONLY public.store_supplier
    ADD CONSTRAINT store_supplier_company_name_6b3d9b01_uniq UNIQUE (company_name);


--
-- Name: store_supplier store_supplier_pkey; Type: CONSTRAINT; Schema: public; Owner: postgres
--

ALTER TABLE ONLY public.store_supplier
    ADD CONSTRAINT store_supplier_pkey PRIMARY KEY (id);


--
-- Name: store_user store_user_email_key; Type: CONSTRAINT; Schema: public; Owner: postgres
--

ALTER TABLE ONLY public.store_user
    ADD CONSTRAINT store_user_email_key UNIQUE (email);


--
-- Name: store_user_groups store_user_groups_pkey; Type: CONSTRAINT; Schema: public; Owner: postgres
--

ALTER TABLE ONLY public.store_user_groups
    ADD CONSTRAINT store_user_groups_pkey PRIMARY KEY (id);


--
-- Name: store_user_groups store_user_groups_user_id_group_id_d5c2dca2_uniq; Type: CONSTRAINT; Schema: public; Owner: postgres
--

ALTER TABLE ONLY public.store_user_groups
    ADD CONSTRAINT store_user_groups_user_id_group_id_d5c2dca2_uniq UNIQUE (user_id, group_id);


--
-- Name: store_user store_user_pkey; Type: CONSTRAINT; Schema: public; Owner: postgres
--

ALTER TABLE ONLY public.store_user
    ADD CONSTRAINT store_user_pkey PRIMARY KEY (id);


--
-- Name: store_user_user_permissions store_user_user_permissions_pkey; Type: CONSTRAINT; Schema: public; Owner: postgres
--

ALTER TABLE ONLY public.store_user_user_permissions
    ADD CONSTRAINT store_user_user_permissions_pkey PRIMARY KEY (id);


--
-- Name: store_user_user_permissions store_user_user_permissions_user_id_permission_id_bfd44b7c_uniq; Type: CONSTRAINT; Schema: public; Owner: postgres
--

ALTER TABLE ONLY public.store_user_user_permissions
    ADD CONSTRAINT store_user_user_permissions_user_id_permission_id_bfd44b7c_uniq UNIQUE (user_id, permission_id);


--
-- Name: store_warehouse store_warehouse_pkey; Type: CONSTRAINT; Schema: public; Owner: postgres
--

ALTER TABLE ONLY public.store_warehouse
    ADD CONSTRAINT store_warehouse_pkey PRIMARY KEY (id);


--
-- Name: auth_group_name_a6ea08ec_like; Type: INDEX; Schema: public; Owner: postgres
--

CREATE INDEX auth_group_name_a6ea08ec_like ON public.auth_group USING btree (name varchar_pattern_ops);


--
-- Name: auth_group_permissions_group_id_b120cbf9; Type: INDEX; Schema: public; Owner: postgres
--

CREATE INDEX auth_group_permissions_group_id_b120cbf9 ON public.auth_group_permissions USING btree (group_id);


--
-- Name: auth_group_permissions_permission_id_84c5c92e; Type: INDEX; Schema: public; Owner: postgres
--

CREATE INDEX auth_group_permissions_permission_id_84c5c92e ON public.auth_group_permissions USING btree (permission_id);


--
-- Name: auth_permission_content_type_id_2f476e4b; Type: INDEX; Schema: public; Owner: postgres
--

CREATE INDEX auth_permission_content_type_id_2f476e4b ON public.auth_permission USING btree (content_type_id);


--
-- Name: django_admin_log_content_type_id_c4bce8eb; Type: INDEX; Schema: public; Owner: postgres
--

CREATE INDEX django_admin_log_content_type_id_c4bce8eb ON public.django_admin_log USING btree (content_type_id);


--
-- Name: django_admin_log_user_id_c564eba6; Type: INDEX; Schema: public; Owner: postgres
--

CREATE INDEX django_admin_log_user_id_c564eba6 ON public.django_admin_log USING btree (user_id);


--
-- Name: django_session_expire_date_a5c62663; Type: INDEX; Schema: public; Owner: postgres
--

CREATE INDEX django_session_expire_date_a5c62663 ON public.django_session USING btree (expire_date);


--
-- Name: django_session_session_key_c0390e0f_like; Type: INDEX; Schema: public; Owner: postgres
--

CREATE INDEX django_session_session_key_c0390e0f_like ON public.django_session USING btree (session_key varchar_pattern_ops);


--
-- Name: store_cart_user_id_99e99107; Type: INDEX; Schema: public; Owner: postgres
--

CREATE INDEX store_cart_user_id_99e99107 ON public.store_cart USING btree (user_id);


--
-- Name: store_cartitem_cart_id_4f60ac05; Type: INDEX; Schema: public; Owner: postgres
--

CREATE INDEX store_cartitem_cart_id_4f60ac05 ON public.store_cartitem USING btree (cart_id);


--
-- Name: store_cartitem_product_id_4238d443; Type: INDEX; Schema: public; Owner: postgres
--

CREATE INDEX store_cartitem_product_id_4238d443 ON public.store_cartitem USING btree (product_id);


--
-- Name: store_category_user_id_343fddc6; Type: INDEX; Schema: public; Owner: postgres
--

CREATE INDEX store_category_user_id_343fddc6 ON public.store_category USING btree (user_id);


--
-- Name: store_order_cart_id_3150a667; Type: INDEX; Schema: public; Owner: postgres
--

CREATE INDEX store_order_cart_id_3150a667 ON public.store_order USING btree (cart_id);


--
-- Name: store_order_user_id_ae5f7a5f; Type: INDEX; Schema: public; Owner: postgres
--

CREATE INDEX store_order_user_id_ae5f7a5f ON public.store_order USING btree (user_id);


--
-- Name: store_product_category_id_574bae65; Type: INDEX; Schema: public; Owner: postgres
--

CREATE INDEX store_product_category_id_574bae65 ON public.store_product USING btree (category_id);


--
-- Name: store_product_supplier_id_6737f1af; Type: INDEX; Schema: public; Owner: postgres
--

CREATE INDEX store_product_supplier_id_6737f1af ON public.store_product USING btree (supplier_id);


--
-- Name: store_product_user_id_58ba19a0; Type: INDEX; Schema: public; Owner: postgres
--

CREATE INDEX store_product_user_id_58ba19a0 ON public.store_product USING btree (user_id);


--
-- Name: store_product_warehouse_id_f23e5e43; Type: INDEX; Schema: public; Owner: postgres
--

CREATE INDEX store_product_warehouse_id_f23e5e43 ON public.store_product USING btree (warehouse_id);


--
-- Name: store_review_product_id_abc413b2; Type: INDEX; Schema: public; Owner: postgres
--

CREATE INDEX store_review_product_id_abc413b2 ON public.store_review USING btree (product_id);


--
-- Name: store_review_user_id_cc54d86d; Type: INDEX; Schema: public; Owner: postgres
--

CREATE INDEX store_review_user_id_cc54d86d ON public.store_review USING btree (user_id);


--
-- Name: store_supplier_company_name_6b3d9b01_like; Type: INDEX; Schema: public; Owner: postgres
--

CREATE INDEX store_supplier_company_name_6b3d9b01_like ON public.store_supplier USING btree (company_name varchar_pattern_ops);


--
-- Name: store_user_email_67924811_like; Type: INDEX; Schema: public; Owner: postgres
--

CREATE INDEX store_user_email_67924811_like ON public.store_user USING btree (email varchar_pattern_ops);


--
-- Name: store_user_groups_group_id_def3ecb1; Type: INDEX; Schema: public; Owner: postgres
--

CREATE INDEX store_user_groups_group_id_def3ecb1 ON public.store_user_groups USING btree (group_id);


--
-- Name: store_user_groups_user_id_f76ad019; Type: INDEX; Schema: public; Owner: postgres
--

CREATE INDEX store_user_groups_user_id_f76ad019 ON public.store_user_groups USING btree (user_id);


--
-- Name: store_user_user_permissions_permission_id_d9830978; Type: INDEX; Schema: public; Owner: postgres
--

CREATE INDEX store_user_user_permissions_permission_id_d9830978 ON public.store_user_user_permissions USING btree (permission_id);


--
-- Name: store_user_user_permissions_user_id_31a90150; Type: INDEX; Schema: public; Owner: postgres
--

CREATE INDEX store_user_user_permissions_user_id_31a90150 ON public.store_user_user_permissions USING btree (user_id);


--
-- Name: store_user_username_c2c55c55_like; Type: INDEX; Schema: public; Owner: postgres
--

CREATE INDEX store_user_username_c2c55c55_like ON public.store_user USING btree (username varchar_pattern_ops);


--
-- Name: auth_group_permissions auth_group_permissio_permission_id_84c5c92e_fk_auth_perm; Type: FK CONSTRAINT; Schema: public; Owner: postgres
--

ALTER TABLE ONLY public.auth_group_permissions
    ADD CONSTRAINT auth_group_permissio_permission_id_84c5c92e_fk_auth_perm FOREIGN KEY (permission_id) REFERENCES public.auth_permission(id) DEFERRABLE INITIALLY DEFERRED;


--
-- Name: auth_group_permissions auth_group_permissions_group_id_b120cbf9_fk_auth_group_id; Type: FK CONSTRAINT; Schema: public; Owner: postgres
--

ALTER TABLE ONLY public.auth_group_permissions
    ADD CONSTRAINT auth_group_permissions_group_id_b120cbf9_fk_auth_group_id FOREIGN KEY (group_id) REFERENCES public.auth_group(id) DEFERRABLE INITIALLY DEFERRED;


--
-- Name: auth_permission auth_permission_content_type_id_2f476e4b_fk_django_co; Type: FK CONSTRAINT; Schema: public; Owner: postgres
--

ALTER TABLE ONLY public.auth_permission
    ADD CONSTRAINT auth_permission_content_type_id_2f476e4b_fk_django_co FOREIGN KEY (content_type_id) REFERENCES public.django_content_type(id) DEFERRABLE INITIALLY DEFERRED;


--
-- Name: django_admin_log django_admin_log_content_type_id_c4bce8eb_fk_django_co; Type: FK CONSTRAINT; Schema: public; Owner: postgres
--

ALTER TABLE ONLY public.django_admin_log
    ADD CONSTRAINT django_admin_log_content_type_id_c4bce8eb_fk_django_co FOREIGN KEY (content_type_id) REFERENCES public.django_content_type(id) DEFERRABLE INITIALLY DEFERRED;


--
-- Name: django_admin_log django_admin_log_user_id_c564eba6_fk_store_user_id; Type: FK CONSTRAINT; Schema: public; Owner: postgres
--

ALTER TABLE ONLY public.django_admin_log
    ADD CONSTRAINT django_admin_log_user_id_c564eba6_fk_store_user_id FOREIGN KEY (user_id) REFERENCES public.store_user(id) DEFERRABLE INITIALLY DEFERRED;


--
-- Name: store_cart store_cart_user_id_99e99107_fk_store_user_id; Type: FK CONSTRAINT; Schema: public; Owner: postgres
--

ALTER TABLE ONLY public.store_cart
    ADD CONSTRAINT store_cart_user_id_99e99107_fk_store_user_id FOREIGN KEY (user_id) REFERENCES public.store_user(id) DEFERRABLE INITIALLY DEFERRED;


--
-- Name: store_cartitem store_cartitem_cart_id_4f60ac05_fk_store_cart_id; Type: FK CONSTRAINT; Schema: public; Owner: postgres
--

ALTER TABLE ONLY public.store_cartitem
    ADD CONSTRAINT store_cartitem_cart_id_4f60ac05_fk_store_cart_id FOREIGN KEY (cart_id) REFERENCES public.store_cart(id) DEFERRABLE INITIALLY DEFERRED;


--
-- Name: store_cartitem store_cartitem_product_id_4238d443_fk_store_product_id; Type: FK CONSTRAINT; Schema: public; Owner: postgres
--

ALTER TABLE ONLY public.store_cartitem
    ADD CONSTRAINT store_cartitem_product_id_4238d443_fk_store_product_id FOREIGN KEY (product_id) REFERENCES public.store_product(id) DEFERRABLE INITIALLY DEFERRED;


--
-- Name: store_category store_category_user_id_343fddc6_fk_store_user_id; Type: FK CONSTRAINT; Schema: public; Owner: postgres
--

ALTER TABLE ONLY public.store_category
    ADD CONSTRAINT store_category_user_id_343fddc6_fk_store_user_id FOREIGN KEY (user_id) REFERENCES public.store_user(id) DEFERRABLE INITIALLY DEFERRED;


--
-- Name: store_delivery store_delivery_order_id_a251563a_fk_store_order_id; Type: FK CONSTRAINT; Schema: public; Owner: postgres
--

ALTER TABLE ONLY public.store_delivery
    ADD CONSTRAINT store_delivery_order_id_a251563a_fk_store_order_id FOREIGN KEY (order_id) REFERENCES public.store_order(id) DEFERRABLE INITIALLY DEFERRED;


--
-- Name: store_order store_order_cart_id_3150a667_fk_store_cart_id; Type: FK CONSTRAINT; Schema: public; Owner: postgres
--

ALTER TABLE ONLY public.store_order
    ADD CONSTRAINT store_order_cart_id_3150a667_fk_store_cart_id FOREIGN KEY (cart_id) REFERENCES public.store_cart(id) DEFERRABLE INITIALLY DEFERRED;


--
-- Name: store_order store_order_user_id_ae5f7a5f_fk_store_user_id; Type: FK CONSTRAINT; Schema: public; Owner: postgres
--

ALTER TABLE ONLY public.store_order
    ADD CONSTRAINT store_order_user_id_ae5f7a5f_fk_store_user_id FOREIGN KEY (user_id) REFERENCES public.store_user(id) DEFERRABLE INITIALLY DEFERRED;


--
-- Name: store_payment store_payment_order_id_b5ee0383_fk_store_order_id; Type: FK CONSTRAINT; Schema: public; Owner: postgres
--

ALTER TABLE ONLY public.store_payment
    ADD CONSTRAINT store_payment_order_id_b5ee0383_fk_store_order_id FOREIGN KEY (order_id) REFERENCES public.store_order(id) DEFERRABLE INITIALLY DEFERRED;


--
-- Name: store_product store_product_category_id_574bae65_fk_store_category_id; Type: FK CONSTRAINT; Schema: public; Owner: postgres
--

ALTER TABLE ONLY public.store_product
    ADD CONSTRAINT store_product_category_id_574bae65_fk_store_category_id FOREIGN KEY (category_id) REFERENCES public.store_category(id) DEFERRABLE INITIALLY DEFERRED;


--
-- Name: store_product store_product_supplier_id_6737f1af_fk_store_supplier_id; Type: FK CONSTRAINT; Schema: public; Owner: postgres
--

ALTER TABLE ONLY public.store_product
    ADD CONSTRAINT store_product_supplier_id_6737f1af_fk_store_supplier_id FOREIGN KEY (supplier_id) REFERENCES public.store_supplier(id) DEFERRABLE INITIALLY DEFERRED;


--
-- Name: store_product store_product_user_id_58ba19a0_fk_store_user_id; Type: FK CONSTRAINT; Schema: public; Owner: postgres
--

ALTER TABLE ONLY public.store_product
    ADD CONSTRAINT store_product_user_id_58ba19a0_fk_store_user_id FOREIGN KEY (user_id) REFERENCES public.store_user(id) DEFERRABLE INITIALLY DEFERRED;


--
-- Name: store_product store_product_warehouse_id_f23e5e43_fk_store_warehouse_id; Type: FK CONSTRAINT; Schema: public; Owner: postgres
--

ALTER TABLE ONLY public.store_product
    ADD CONSTRAINT store_product_warehouse_id_f23e5e43_fk_store_warehouse_id FOREIGN KEY (warehouse_id) REFERENCES public.store_warehouse(id) DEFERRABLE INITIALLY DEFERRED;


--
-- Name: store_review store_review_product_id_abc413b2_fk_store_product_id; Type: FK CONSTRAINT; Schema: public; Owner: postgres
--

ALTER TABLE ONLY public.store_review
    ADD CONSTRAINT store_review_product_id_abc413b2_fk_store_product_id FOREIGN KEY (product_id) REFERENCES public.store_product(id) DEFERRABLE INITIALLY DEFERRED;


--
-- Name: store_review store_review_user_id_cc54d86d_fk_store_user_id; Type: FK CONSTRAINT; Schema: public; Owner: postgres
--

ALTER TABLE ONLY public.store_review
    ADD CONSTRAINT store_review_user_id_cc54d86d_fk_store_user_id FOREIGN KEY (user_id) REFERENCES public.store_user(id) DEFERRABLE INITIALLY DEFERRED;


--
-- Name: store_user_groups store_user_groups_group_id_def3ecb1_fk_auth_group_id; Type: FK CONSTRAINT; Schema: public; Owner: postgres
--

ALTER TABLE ONLY public.store_user_groups
    ADD CONSTRAINT store_user_groups_group_id_def3ecb1_fk_auth_group_id FOREIGN KEY (group_id) REFERENCES public.auth_group(id) DEFERRABLE INITIALLY DEFERRED;


--
-- Name: store_user_groups store_user_groups_user_id_f76ad019_fk_store_user_id; Type: FK CONSTRAINT; Schema: public; Owner: postgres
--

ALTER TABLE ONLY public.store_user_groups
    ADD CONSTRAINT store_user_groups_user_id_f76ad019_fk_store_user_id FOREIGN KEY (user_id) REFERENCES public.store_user(id) DEFERRABLE INITIALLY DEFERRED;


--
-- Name: store_user_user_permissions store_user_user_perm_permission_id_d9830978_fk_auth_perm; Type: FK CONSTRAINT; Schema: public; Owner: postgres
--

ALTER TABLE ONLY public.store_user_user_permissions
    ADD CONSTRAINT store_user_user_perm_permission_id_d9830978_fk_auth_perm FOREIGN KEY (permission_id) REFERENCES public.auth_permission(id) DEFERRABLE INITIALLY DEFERRED;


--
-- Name: store_user_user_permissions store_user_user_permissions_user_id_31a90150_fk_store_user_id; Type: FK CONSTRAINT; Schema: public; Owner: postgres
--

ALTER TABLE ONLY public.store_user_user_permissions
    ADD CONSTRAINT store_user_user_permissions_user_id_31a90150_fk_store_user_id FOREIGN KEY (user_id) REFERENCES public.store_user(id) DEFERRABLE INITIALLY DEFERRED;


--
-- Name: SCHEMA public; Type: ACL; Schema: -; Owner: pg_database_owner
--

GRANT ALL ON SCHEMA public TO postgres;


--
-- Name: DEFAULT PRIVILEGES FOR SEQUENCES; Type: DEFAULT ACL; Schema: public; Owner: postgres
--

ALTER DEFAULT PRIVILEGES FOR ROLE postgres IN SCHEMA public GRANT ALL ON SEQUENCES TO postgres;


--
-- Name: DEFAULT PRIVILEGES FOR TABLES; Type: DEFAULT ACL; Schema: public; Owner: postgres
--

ALTER DEFAULT PRIVILEGES FOR ROLE postgres IN SCHEMA public GRANT ALL ON TABLES TO postgres;


--
-- PostgreSQL database dump complete
--

\unrestrict Ll7Pw1oWg0t48kQxRCNS1sfoniXxedmMc3fwql0g5B6ZxyJuVMtbOjLcHqqn8Ad

